{
  "AWSTemplateFormatVersion": "2010-09-09",
  "Description": "The AWS CloudFormation template for this Serverless application",
  "Resources": {
    "ServerlessDeploymentBucket": {
      "Type": "AWS::S3::Bucket",
      "Properties": {
        "BucketEncryption": {
          "ServerSideEncryptionConfiguration": [
            {
              "ServerSideEncryptionByDefault": {
                "SSEAlgorithm": "AES256"
              }
            }
          ]
        }
      }
    },
    "ServerlessDeploymentBucketPolicy": {
      "Type": "AWS::S3::BucketPolicy",
      "Properties": {
        "Bucket": {
          "Ref": "ServerlessDeploymentBucket"
        },
        "PolicyDocument": {
          "Statement": [
            {
              "Action": "s3:*",
              "Effect": "Deny",
              "Principal": "*",
              "Resource": [
                {
                  "Fn::Join": [
                    "",
                    [
                      "arn:",
                      {
                        "Ref": "AWS::Partition"
                      },
                      ":s3:::",
                      {
                        "Ref": "ServerlessDeploymentBucket"
                      },
                      "/*"
                    ]
                  ]
                },
                {
                  "Fn::Join": [
                    "",
                    [
                      "arn:",
                      {
                        "Ref": "AWS::Partition"
                      },
                      ":s3:::",
                      {
                        "Ref": "ServerlessDeploymentBucket"
                      }
                    ]
                  ]
                }
              ],
              "Condition": {
                "Bool": {
                  "aws:SecureTransport": false
                }
              }
            }
          ]
        }
      }
    },
    "TestLogGroup": {
      "Type": "AWS::Logs::LogGroup",
      "Properties": {
        "LogGroupName": "/aws/lambda/my-simple-lambda-dev-Test"
      }
    },
    "IamRoleLambdaExecution": {
      "Type": "AWS::IAM::Role",
      "Properties": {
        "AssumeRolePolicyDocument": {
          "Version": "2012-10-17",
          "Statement": [
            {
              "Effect": "Allow",
              "Principal": {
                "Service": [
                  "lambda.amazonaws.com"
                ]
              },
              "Action": [
                "sts:AssumeRole"
              ]
            }
          ]
        },
        "Policies": [
          {
            "PolicyName": {
              "Fn::Join": [
                "-",
                [
                  "my-simple-lambda",
                  "dev",
                  "lambda"
                ]
              ]
            },
            "PolicyDocument": {
              "Version": "2012-10-17",
              "Statement": [
                {
                  "Effect": "Allow",
                  "Action": [
                    "logs:CreateLogStream",
                    "logs:CreateLogGroup",
                    "logs:TagResource"
                  ],
                  "Resource": [
                    {
                      "Fn::Sub": "arn:${AWS::Partition}:logs:${AWS::Region}:${AWS::AccountId}:log-group:/aws/lambda/my-simple-lambda-dev*:*"
                    }
                  ]
                },
                {
                  "Effect": "Allow",
                  "Action": [
                    "logs:PutLogEvents"
                  ],
                  "Resource": [
                    {
                      "Fn::Sub": "arn:${AWS::Partition}:logs:${AWS::Region}:${AWS::AccountId}:log-group:/aws/lambda/my-simple-lambda-dev*:*:*"
                    }
                  ]
                },
                {
                  "Effect": "Allow",
                  "Action": [
                    "sqs:ReceiveMessage",
                    "sqs:DeleteMessage",
                    "sqs:GetQueueAttributes"
                  ],
                  "Resource": [
                    {
                      "Fn::GetAtt": [
                        "MyQueue",
                        "Arn"
                      ]
                    }
                  ]
                }
              ]
            }
          }
        ],
        "Path": "/",
        "RoleName": {
          "Fn::Join": [
            "-",
            [
              "my-simple-lambda",
              "dev",
              {
                "Ref": "AWS::Region"
              },
              "lambdaRole"
            ]
          ]
        }
      }
    },
    "TestLambdaFunction": {
      "Type": "AWS::Lambda::Function",
      "Properties": {
        "Code": {
          "S3Bucket": {
            "Ref": "ServerlessDeploymentBucket"
          },
          "S3Key": "serverless/my-simple-lambda/dev/1705991936771-2024-01-23T06:38:56.771Z/my-simple-lambda.zip"
        },
        "Handler": "handler.handler",
        "Runtime": "nodejs18.x",
        "FunctionName": "my-simple-lambda-dev-Test",
        "MemorySize": 1024,
        "Timeout": 6,
        "Role": {
          "Fn::GetAtt": [
            "IamRoleLambdaExecution",
            "Arn"
          ]
        }
      },
      "DependsOn": [
        "TestLogGroup"
      ]
    },
    "TestLambdaVersionW4AlGdaPldHE1Cag2Ur49nCE2SQtjU5Ldt8zL16s": {
      "Type": "AWS::Lambda::Version",
      "DeletionPolicy": "Retain",
      "Properties": {
        "FunctionName": {
          "Ref": "TestLambdaFunction"
        },
        "CodeSha256": "rKRcLfe9gBP0sT7KKEC/xAnxTN/1pLAM6bE5S9GNonc="
      }
    },
    "TestEventSourceMappingSQSMyQueue": {
      "Type": "AWS::Lambda::EventSourceMapping",
      "DependsOn": [
        "IamRoleLambdaExecution"
      ],
      "Properties": {
        "BatchSize": 10,
        "EventSourceArn": {
          "Fn::GetAtt": [
            "MyQueue",
            "Arn"
          ]
        },
        "FunctionName": {
          "Fn::GetAtt": [
            "TestLambdaFunction",
            "Arn"
          ]
        },
        "Enabled": true
      }
    },
    "MyQueue": {
      "Type": "AWS::SQS::Queue",
      "Properties": {
        "QueueName": "MyQueue"
      }
    }
  },
  "Outputs": {
    "ServerlessDeploymentBucketName": {
      "Value": {
        "Ref": "ServerlessDeploymentBucket"
      },
      "Export": {
        "Name": "sls-my-simple-lambda-dev-ServerlessDeploymentBucketName"
      }
    },
    "TestLambdaFunctionQualifiedArn": {
      "Description": "Current Lambda function version",
      "Value": {
        "Ref": "TestLambdaVersionW4AlGdaPldHE1Cag2Ur49nCE2SQtjU5Ldt8zL16s"
      },
      "Export": {
        "Name": "sls-my-simple-lambda-dev-TestLambdaFunctionQualifiedArn"
      }
    }
  }
}